,sp500,bonds,birkin,balenciaga,paddington
sp500,1.0,0.22694083688699787,0.06168116341737668,0.101131838506491,0.10567678429695143
bonds,0.22694083688699787,1.0,0.051594390033773474,-0.028269557150119487,-0.09471219184901207
birkin,0.06168116341737668,0.051594390033773474,1.0,0.22493959381726747,-0.19729530233865256
balenciaga,0.101131838506491,-0.028269557150119487,0.22493959381726747,1.0,0.3119072047318177
paddington,0.10567678429695143,-0.09471219184901207,-0.19729530233865256,0.3119072047318177,1.0
