,sp500,birkin,balenciaga,paddington
sp500,1.0,0.06168116341737668,0.101131838506491,0.10567678429695143
birkin,0.06168116341737668,1.0,0.22493959381726747,-0.19729530233865256
balenciaga,0.101131838506491,0.22493959381726747,1.0,0.3119072047318177
paddington,0.10567678429695143,-0.19729530233865256,0.3119072047318177,1.0
